Label;# Samples;Average;Min;Max;Std. Dev.;Error %;Throughput;Received KB/sec;Sent KB/sec;Avg. Bytes
HTTP Request;145832;1317;1;44059;2775.46;13.241%;584.04989;867.52;60.37;1521.0
TOTAL;145832;1317;1;44059;2775.46;13.241%;584.04989;867.52;60.37;1521.0
