Label;# Samples;Average;Min;Max;Std. Dev.;Error %;Throughput;Received KB/sec;Sent KB/sec;Avg. Bytes
HTTP Request;100000;611;4;2227;208.82;0.000%;1383.70001;1798.54;164.85;1331.0
TOTAL;100000;611;4;2227;208.82;0.000%;1383.70001;1798.54;164.85;1331.0
